Symbol,Name,LastSale,MarketCap,IPOyear,Sector,industry,Summary Quote,
TXG,"10x Genomics, Inc.",137.54,$14.8B,2019,Capital Goods,Biotechnology: Laboratory Analytical Instruments,https://old.nasdaq.com/symbol/txg,
ABMD,"ABIOMED, Inc.",266.43,$12.04B,n/a,Health Care,Medical/Dental Instruments,https://old.nasdaq.com/symbol/abmd,
ATVI,"Activision Blizzard, Inc",75.92,$58.68B,n/a,Technology,Computer Software: Prepackaged Software,https://old.nasdaq.com/symbol/atvi,
ADBE,Adobe Inc.,460.61,$220.96B,1986,Technology,Computer Software: Prepackaged Software,https://old.nasdaq.com/symbol/adbe,
AMD,"Advanced Micro Devices, Inc.",85.31,$102.6B,n/a,Technology,Semiconductors,https://old.nasdaq.com/symbol/amd,
API,"Agora, Inc.",36.09,$14.32B,2020,Technology,Computer Software: Prepackaged Software,https://old.nasdaq.com/symbol/api,
AKAM,"Akamai Technologies, Inc.",102.81,$16.74B,1999,Miscellaneous,Business Services,https://old.nasdaq.com/symbol/akam,
ALXN,"Alexion Pharmaceuticals, Inc.",122.61,$26.83B,1996,Health Care,Major Pharmaceuticals,https://old.nasdaq.com/symbol/alxn,
ALGN,"Align Technology, Inc.",476.58,$37.58B,2001,Health Care,Industrial Specialties,https://old.nasdaq.com/symbol/algn,
LNT,Alliant Energy Corporation,52.75,$13.17B,n/a,Public Utilities,Power Generation,https://old.nasdaq.com/symbol/lnt,
ALNY,"Alnylam Pharmaceuticals, Inc.",123.02,$14.29B,2004,Health Care,Major Pharmaceuticals,https://old.nasdaq.com/symbol/alny,
GOOG,Alphabet Inc.,1734.86,$1173.5B,2004,Technology,"Computer Software: Programming, Data Processing",https://old.nasdaq.com/symbol/goog,
GOOGL,Alphabet Inc.,1727.56,$1168.57B,n/a,Technology,"Computer Software: Programming, Data Processing",https://old.nasdaq.com/symbol/googl,
AMZN,"Amazon.com, Inc.",3098.39,$1554.62B,1997,Consumer Services,Catalog/Specialty Distribution,https://old.nasdaq.com/symbol/amzn,
AMOV,"America Movil, S.A.B. de C.V.",14.0198,$46.98B,n/a,Public Utilities,Telecommunications Equipment,https://old.nasdaq.com/symbol/amov,
AEP,"American Electric Power Company, Inc.",83.41,$41.4B,n/a,Public Utilities,Electric Utilities: Central,https://old.nasdaq.com/symbol/aep,
AMGN,Amgen Inc.,222.22,$129.37B,1983,Health Care,Biotechnology: Biological Products (No Diagnostic Substances),https://old.nasdaq.com/symbol/amgn,
ADI,"Analog Devices, Inc.",137.07,$50.66B,n/a,Technology,Semiconductors,https://old.nasdaq.com/symbol/adi,
ANSS,"ANSYS, Inc.",313.42,$26.92B,1996,Technology,Computer Software: Prepackaged Software,https://old.nasdaq.com/symbol/anss,
AAPL,Apple Inc.,113.85,$1973.86B,1980,Technology,Computer Manufacturing,https://old.nasdaq.com/symbol/aapl,
AMAT,"Applied Materials, Inc.",80.5,$73.52B,1972,Technology,Semiconductors,https://old.nasdaq.com/symbol/amat,
ACGL,Arch Capital Group Ltd.,33.99,$13.8B,n/a,Finance,Property-Casualty Insurers,https://old.nasdaq.com/symbol/acgl,
ARGX,argenx SE,269,$12.67B,2017,Health Care,Biotechnology: Biological Products (No Diagnostic Substances),https://old.nasdaq.com/symbol/argx,
ASML,ASML Holding N.V.,427.15,$178.71B,1995,Technology,Industrial Machinery/Components,https://old.nasdaq.com/symbol/asml,
AZN,Astrazeneca PLC,54.7,$143.57B,n/a,Health Care,Major Pharmaceuticals,https://old.nasdaq.com/symbol/azn,
TEAM,Atlassian Corporation Plc,211.05,$52.59B,2015,Technology,Computer Software: Prepackaged Software,https://old.nasdaq.com/symbol/team,
ADSK,"Autodesk, Inc.",257.25,$56.41B,n/a,Technology,Computer Software: Prepackaged Software,https://old.nasdaq.com/symbol/adsk,
ADP,"Automatic Data Processing, Inc.",172.06,$73.78B,n/a,Technology,EDP Services,https://old.nasdaq.com/symbol/adp,
BIDU,"Baidu, Inc.",133.04,$45.38B,2005,Technology,"Computer Software: Programming, Data Processing",https://old.nasdaq.com/symbol/bidu,
GOLD,Barrick Gold Corporation,23.24,$41.32B,n/a,Basic Industries,Precious Metals,https://old.nasdaq.com/symbol/gold,
BGNE,"BeiGene, Ltd.",273.78,$24.91B,2016,Health Care,Major Pharmaceuticals,https://old.nasdaq.com/symbol/bgne,
BILI,Bilibili Inc.,63.32,$21.87B,2018,Technology,EDP Services,https://old.nasdaq.com/symbol/bili,
BIIB,Biogen Inc.,243.38,$37.45B,n/a,Health Care,Biotechnology: Biological Products (No Diagnostic Substances),https://old.nasdaq.com/symbol/biib,
BMRN,BioMarin Pharmaceutical Inc.,77.04,$13.99B,1999,Health Care,Major Pharmaceuticals,https://old.nasdaq.com/symbol/bmrn,
BNTX,BioNTech SE,106.5,$25.64B,2019,Health Care,Biotechnology: Biological Products (No Diagnostic Substances),https://old.nasdaq.com/symbol/bntx,
TECH,Bio-Techne Corp,303.74,$11.73B,n/a,Health Care,Biotechnology: Biological Products (No Diagnostic Substances),https://old.nasdaq.com/symbol/tech,
BKNG,Booking Holdings Inc.,2019.84,$82.72B,n/a,Consumer Services,Transportation Services,https://old.nasdaq.com/symbol/bkng,
AVGO,Broadcom Inc.,387,$156.54B,2009,Technology,Semiconductors,https://old.nasdaq.com/symbol/avgo,
BPY,Brookfield Property Partners L.P.,16.01,$14.87B,n/a,Finance,Real Estate,https://old.nasdaq.com/symbol/bpy,
CHRW,"C.H. Robinson Worldwide, Inc.",92.17,$12.53B,1997,Transportation,Oil Refining/Marketing,https://old.nasdaq.com/symbol/chrw,
CDNS,"Cadence Design Systems, Inc.",111.25,$31.03B,n/a,Technology,Computer Software: Prepackaged Software,https://old.nasdaq.com/symbol/cdns,
CZR,"Caesars Entertainment, Inc.",66.9,$13.93B,n/a,Consumer Services,Hotels/Resorts,https://old.nasdaq.com/symbol/czr,
CBOE,"Cboe Global Markets, Inc.",92.59,$10.35B,2010,n/a,n/a,https://old.nasdaq.com/symbol/cboe,
CDW,CDW Corporation,131.22,$18.76B,2013,Consumer Services,Catalog/Specialty Distribution,https://old.nasdaq.com/symbol/cdw,
CERN,Cerner Corporation,73.61,$22.57B,1986,Technology,EDP Services,https://old.nasdaq.com/symbol/cern,
CHTR,"Charter Communications, Inc.",645.04,$132.17B,n/a,Consumer Services,Television Services,https://old.nasdaq.com/symbol/chtr,
CHKP,Check Point Software Technologies Ltd.,119.86,$16.8B,1996,Technology,Computer Software: Prepackaged Software,https://old.nasdaq.com/symbol/chkp,
CINF,Cincinnati Financial Corporation,77.63,$12.49B,n/a,Finance,Property-Casualty Insurers,https://old.nasdaq.com/symbol/cinf,
CTAS,Cintas Corporation,358.27,$37.48B,1983,Consumer Non-Durables,Apparel,https://old.nasdaq.com/symbol/ctas,
CSCO,"Cisco Systems, Inc.",41.64,$175.95B,1990,Technology,Computer Communications Equipment,https://old.nasdaq.com/symbol/csco,
CTXS,"Citrix Systems, Inc.",120.16,$14.79B,1995,Technology,Computer Software: Prepackaged Software,https://old.nasdaq.com/symbol/ctxs,
CME,CME Group Inc.,168.78,$60.59B,2002,Finance,Investment Bankers/Brokers/Service,https://old.nasdaq.com/symbol/cme,
CGNX,Cognex Corporation,71.28,$12.45B,1989,Capital Goods,Industrial Machinery/Components,https://old.nasdaq.com/symbol/cgnx,
CTSH,Cognizant Technology Solutions Corporation,77.2,$41.27B,1998,Technology,EDP Services,https://old.nasdaq.com/symbol/ctsh,
CMCSA,Comcast Corporation,49.81,$227.9B,n/a,Consumer Services,Television Services,https://old.nasdaq.com/symbol/cmcsa,
CPRT,"Copart, Inc.",113.15,$26.71B,1994,Consumer Durables,Automotive Aftermarket,https://old.nasdaq.com/symbol/cprt,
CSGP,"CoStar Group, Inc.",887.79,$34.99B,1998,Miscellaneous,Business Services,https://old.nasdaq.com/symbol/csgp,
COST,Costco Wholesale Corporation,381.71,$168.42B,n/a,Consumer Services,Department/Specialty Retail Stores,https://old.nasdaq.com/symbol/cost,
COUP,Coupa Software Incorporated,315.36,$22.47B,2016,Technology,Computer Software: Prepackaged Software,https://old.nasdaq.com/symbol/coup,
CRWD,"CrowdStrike Holdings, Inc.",147.54,$32.38B,2019,Technology,Computer Software: Prepackaged Software,https://old.nasdaq.com/symbol/crwd,
CSX,CSX Corporation,92.06,$70.41B,n/a,Transportation,Railroads,https://old.nasdaq.com/symbol/csx,
CVAC,CureVac N.V.,85.06,$15.14B,2020,Health Care,Major Pharmaceuticals,https://old.nasdaq.com/symbol/cvac,
DADA,Dada Nexus Limited,52.03,$11.69B,2020,Technology,"Computer Software: Programming, Data Processing",https://old.nasdaq.com/symbol/dada,
DDOG,"Datadog, Inc.",91.04,$27.72B,2019,Technology,Computer Software: Prepackaged Software,https://old.nasdaq.com/symbol/ddog,
XRAY,DENTSPLY SIRONA Inc.,50.46,$11.03B,1987,Health Care,Medical/Dental Instruments,https://old.nasdaq.com/symbol/xray,
DXCM,"DexCom, Inc.",321.09,$30.83B,2005,Health Care,Medical/Dental Instruments,https://old.nasdaq.com/symbol/dxcm,
DISCA,"Discovery, Inc.",26.5,$13.01B,n/a,Consumer Services,Television Services,https://old.nasdaq.com/symbol/disca,
DISCB,"Discovery, Inc.",30.9,$15.17B,n/a,Consumer Services,Television Services,https://old.nasdaq.com/symbol/discb,
DISCK,"Discovery, Inc.",23.79,$11.68B,n/a,Consumer Services,Television Services,https://old.nasdaq.com/symbol/disck,
DISH,DISH Network Corporation,35.13,$18.48B,1995,Consumer Services,Television Services,https://old.nasdaq.com/symbol/dish,
DOCU,"DocuSign, Inc.",217.17,$40.21B,2018,Technology,Computer Software: Prepackaged Software,https://old.nasdaq.com/symbol/docu,
DLTR,"Dollar Tree, Inc.",97.61,$23.16B,1995,Consumer Services,Department/Specialty Retail Stores,https://old.nasdaq.com/symbol/dltr,
DKNG,DraftKings Inc.,48.03,$18.81B,2019,Consumer Services,Services-Misc. Amusement & Recreation,https://old.nasdaq.com/symbol/dkng,
EBAY,eBay Inc.,49.9,$34.4B,1998,Miscellaneous,Business Services,https://old.nasdaq.com/symbol/ebay,
EA,Electronic Arts Inc.,121.86,$35.35B,n/a,Technology,Computer Software: Prepackaged Software,https://old.nasdaq.com/symbol/ea,
ENPH,"Enphase Energy, Inc.",134.43,$16.98B,2012,Technology,Semiconductors,https://old.nasdaq.com/symbol/enph,
ENTG,"Entegris, Inc.",90.01,$12.15B,2000,Consumer Non-Durables,Plastic Products,https://old.nasdaq.com/symbol/entg,
EQIX,"Equinix, Inc.",711.46,$63.39B,2000,Consumer Services,Real Estate Investment Trusts,https://old.nasdaq.com/symbol/eqix,
ERIC,Ericsson,12.05,$40.1B,n/a,Technology,Radio And Television Broadcasting And Communications Equipment,https://old.nasdaq.com/symbol/eric,
ERIE,Erie Indemnity Company,237.86,$12.44B,n/a,Finance,Specialty Insurers,https://old.nasdaq.com/symbol/erie,
ETSY,"Etsy, Inc.",140.2,$17.68B,2015,Miscellaneous,Business Services,https://old.nasdaq.com/symbol/etsy,
EXAS,Exact Sciences Corporation,120.54,$18.13B,2001,Health Care,Biotechnology: Commercial Physical & Biological Resarch,https://old.nasdaq.com/symbol/exas,
EXC,Exelon Corporation,41.57,$40.55B,n/a,Public Utilities,Power Generation,https://old.nasdaq.com/symbol/exc,
EXPE,"Expedia Group, Inc.",122.8,$17.37B,n/a,Consumer Services,Transportation Services,https://old.nasdaq.com/symbol/expe,
EXPD,"Expeditors International of Washington, Inc.",88.78,$15.03B,n/a,Transportation,Oil Refining/Marketing,https://old.nasdaq.com/symbol/expd,
FB,"Facebook, Inc.",268.43,$764.57B,2012,Technology,"Computer Software: Programming, Data Processing",https://old.nasdaq.com/symbol/fb,
FAST,Fastenal Company,47.91,$27.5B,1987,Consumer Services,RETAIL: Building Materials,https://old.nasdaq.com/symbol/fast,
FITB,Fifth Third Bancorp,26.01,$18.53B,n/a,Finance,Major Banks,https://old.nasdaq.com/symbol/fitb,
FISV,"Fiserv, Inc.",112.1,$75.16B,1986,Technology,EDP Services,https://old.nasdaq.com/symbol/fisv,
FTNT,"Fortinet, Inc.",117.08,$19.01B,2009,Technology,Computer peripheral equipment,https://old.nasdaq.com/symbol/ftnt,
FOX,Fox Corporation,28.04,$16.69B,n/a,Consumer Services,Broadcasting,https://old.nasdaq.com/symbol/fox,
FOXA,Fox Corporation,28.53,$16.99B,n/a,Consumer Services,Broadcasting,https://old.nasdaq.com/symbol/foxa,
GRMN,Garmin Ltd.,114.66,$21.93B,2000,Capital Goods,Industrial Machinery/Components,https://old.nasdaq.com/symbol/grmn,
GDS,GDS Holdings Limited,86.85,$16.23B,2016,Technology,"Computer Software: Programming, Data Processing",https://old.nasdaq.com/symbol/gds,
GMAB,Genmab A/S,36.04,$23.62B,2019,Health Care,Major Pharmaceuticals,https://old.nasdaq.com/symbol/gmab,
GILD,"Gilead Sciences, Inc.",59.89,$75.07B,1992,Health Care,Biotechnology: Biological Products (No Diagnostic Substances),https://old.nasdaq.com/symbol/gild,
GDRX,"GoodRx Holdings, Inc.",39.07,$15.25B,2020,Technology,EDP Services,https://old.nasdaq.com/symbol/gdrx,
GRFS,"Grifols, S.A.",18.66,$12.77B,n/a,Health Care,Major Pharmaceuticals,https://old.nasdaq.com/symbol/grfs,
GH,"Guardant Health, Inc.",114.11,$11.41B,2018,Health Care,Medical Specialities,https://old.nasdaq.com/symbol/gh,
HAS,"Hasbro, Inc.",92.62,$12.69B,n/a,Consumer Non-Durables,Recreational Products/Toys,https://old.nasdaq.com/symbol/has,
HOLX,"Hologic, Inc.",68.07,$17.49B,1990,Health Care,Medical Electronics,https://old.nasdaq.com/symbol/holx,
HZNP,Horizon Therapeutics Public Limited Company,70.05,$15.46B,2011,Health Care,Major Pharmaceuticals,https://old.nasdaq.com/symbol/hznp,
HST,Host Hotels ,14.71,$10.38B,n/a,Consumer Services,Real Estate Investment Trusts,https://old.nasdaq.com/symbol/hst,
HTHT,Huazhu Group Limited,51.39,$16.47B,2010,Consumer Services,Hotels/Resorts,https://old.nasdaq.com/symbol/htht,
HBAN,Huntington Bancshares Incorporated,12.18,$12.39B,n/a,Finance,Major Banks,https://old.nasdaq.com/symbol/hban,
IAC,IAC/InterActiveCorp,140.11,$11.96B,n/a,Consumer Services,Other Consumer Services,https://old.nasdaq.com/symbol/iac,
IEP,Icahn Enterprises L.P.,50.39,$11.69B,n/a,Capital Goods,Auto Parts:O.E.M.,https://old.nasdaq.com/symbol/iep,
IDXX,"IDEXX Laboratories, Inc.",459.79,$39.22B,1991,Health Care,Biotechnology: In Vitro & In Vivo Diagnostic Substances,https://old.nasdaq.com/symbol/idxx,
INFO,IHS Markit Ltd.,93.66,$37.31B,1996,Technology,"Computer Software: Programming, Data Processing",https://old.nasdaq.com/symbol/info,
ILMN,"Illumina, Inc.",301.85,$44.07B,2000,Capital Goods,Biotechnology: Laboratory Analytical Instruments,https://old.nasdaq.com/symbol/ilmn,
INCY,Incyte Corporation,81.39,$17.82B,n/a,Health Care,Biotechnology: Commercial Physical & Biological Resarch,https://old.nasdaq.com/symbol/incy,
PODD,Insulet Corporation,265.89,$17.53B,2007,Health Care,Medical/Dental Instruments,https://old.nasdaq.com/symbol/podd,
INTC,Intel Corporation,46.06,$188.75B,n/a,Technology,Semiconductors,https://old.nasdaq.com/symbol/intc,
IBKR,"Interactive Brokers Group, Inc.",52.64,$22.55B,2019,Finance,Investment Bankers/Brokers/Service,https://old.nasdaq.com/symbol/ibkr,
INTU,Intuit Inc.,343.33,$89.89B,1993,Technology,Computer Software: Prepackaged Software,https://old.nasdaq.com/symbol/intu,
ISRG,"Intuitive Surgical, Inc.",719.05,$84.53B,2000,Health Care,Industrial Specialties,https://old.nasdaq.com/symbol/isrg,
IPGP,IPG Photonics Corporation,203,$10.82B,2006,Technology,Semiconductors,https://old.nasdaq.com/symbol/ipgp,
IQ,"iQIYI, Inc.",22.14,$16.24B,2018,Consumer Services,Consumer Electronics/Video Chains,https://old.nasdaq.com/symbol/iq,
JBHT,"J.B. Hunt Transport Services, Inc.",133.83,$14.14B,n/a,Transportation,Trucking Freight/Courier Services,https://old.nasdaq.com/symbol/jbht,
JKHY,"Jack Henry & Associates, Inc.",159.99,$12.21B,1985,Technology,EDP Services,https://old.nasdaq.com/symbol/jkhy,
JD,"JD.com, Inc.",87.56,$135.71B,2014,Consumer Services,Other Specialty Stores,https://old.nasdaq.com/symbol/jd,
KDP,Keurig Dr Pepper Inc.,29.83,$41.98B,n/a,Consumer Non-Durables,Beverages (Production/Distribution),https://old.nasdaq.com/symbol/kdp,
KLAC,KLA Corporation ,250.24,$38.65B,1980,Capital Goods,Electronic Components,https://old.nasdaq.com/symbol/klac,
LRCX,Lam Research Corporation,448.74,$64.62B,1984,Technology,Industrial Machinery/Components,https://old.nasdaq.com/symbol/lrcx,
LI,Li Auto Inc.,43.64,$36.5B,2020,Capital Goods,Auto Manufacturing,https://old.nasdaq.com/symbol/li,
LBRDA,Liberty Broadband Corporation,158.29,$28.25B,n/a,Consumer Services,Television Services,https://old.nasdaq.com/symbol/lbrda,
LBRDK,Liberty Broadband Corporation,158.8,$28.35B,n/a,Consumer Services,Television Services,https://old.nasdaq.com/symbol/lbrdk,
LBTYA,Liberty Global plc,22.73,$13.25B,n/a,n/a,n/a,https://old.nasdaq.com/symbol/lbtya,
LBTYB,Liberty Global plc,23.76,$13.85B,n/a,Consumer Services,Television Services,https://old.nasdaq.com/symbol/lbtyb,
LBTYK,Liberty Global plc,21.98,$12.82B,n/a,n/a,n/a,https://old.nasdaq.com/symbol/lbtyk,
LSXMA,Liberty Media Corporation,42.52,$14.47B,n/a,Consumer Services,Broadcasting,https://old.nasdaq.com/symbol/lsxma,
LSXMB,Liberty Media Corporation,42.6,$14.5B,n/a,Consumer Services,Broadcasting,https://old.nasdaq.com/symbol/lsxmb,
LSXMK,Liberty Media Corporation,42.72,$14.54B,n/a,Consumer Services,Broadcasting,https://old.nasdaq.com/symbol/lsxmk,
LKQ,LKQ Corporation,35.85,$10.91B,n/a,Consumer Services,Motor Vehicles,https://old.nasdaq.com/symbol/lkq,
LOGI,Logitech International S.A.,81.45,$13.78B,1997,Technology,Computer peripheral equipment,https://old.nasdaq.com/symbol/logi,
LULU,lululemon athletica inc.,348.53,$45.42B,2007,Consumer Non-Durables,Apparel,https://old.nasdaq.com/symbol/lulu,
LYFT,"Lyft, Inc.",39.35,$12.49B,2019,Miscellaneous,Business Services,https://old.nasdaq.com/symbol/lyft,
MKTX,"MarketAxess Holdings, Inc.",519.91,$19.74B,2004,Finance,Investment Bankers/Brokers/Service,https://old.nasdaq.com/symbol/mktx,
MAR,Marriott International,123.09,$39.92B,n/a,Consumer Services,Hotels/Resorts,https://old.nasdaq.com/symbol/mar,
MRVL,Marvell Technology Group Ltd.,44.6,$29.95B,2000,Technology,Semiconductors,https://old.nasdaq.com/symbol/mrvl,
MASI,Masimo Corporation,245.5,$13.52B,2007,Health Care,Biotechnology: Electromedical & Electrotherapeutic Apparatus,https://old.nasdaq.com/symbol/masi,
MTCH,"Match Group, Inc.",138.23,$36.77B,n/a,Technology,"Computer Software: Programming, Data Processing",https://old.nasdaq.com/symbol/mtch,
MXIM,"Maxim Integrated Products, Inc.",81.75,$21.85B,1988,Technology,Semiconductors,https://old.nasdaq.com/symbol/mxim,
MELI,"MercadoLibre, Inc.",1451.77,$72.26B,2007,Miscellaneous,Business Services,https://old.nasdaq.com/symbol/meli,
MCHP,Microchip Technology Incorporated,131.62,$34.27B,1993,Technology,Semiconductors,https://old.nasdaq.com/symbol/mchp,
MU,"Micron Technology, Inc.",64.18,$71.45B,n/a,Technology,Semiconductors,https://old.nasdaq.com/symbol/mu,
MSFT,Microsoft Corporation,210.11,$1588.54B,1986,Technology,Computer Software: Prepackaged Software,https://old.nasdaq.com/symbol/msft,
MRTX,"Mirati Therapeutics, Inc.",225,$11.31B,n/a,Health Care,Major Pharmaceuticals,https://old.nasdaq.com/symbol/mrtx,
MRNA,"Moderna, Inc.",101.03,$39.98B,2018,Health Care,Biotechnology: Biological Products (No Diagnostic Substances),https://old.nasdaq.com/symbol/mrna,
MDLZ,"Mondelez International, Inc.",57.35,$82.02B,n/a,Consumer Non-Durables,Packaged Foods,https://old.nasdaq.com/symbol/mdlz,
MDB,"MongoDB, Inc.",265.35,$15.62B,2017,Technology,Computer Software: Prepackaged Software,https://old.nasdaq.com/symbol/mdb,
MPWR,"Monolithic Power Systems, Inc.",318.9,$14.38B,2004,Technology,Semiconductors,https://old.nasdaq.com/symbol/mpwr,
MNST,Monster Beverage Corporation,84.07,$44.38B,n/a,Consumer Non-Durables,Beverages (Production/Distribution),https://old.nasdaq.com/symbol/mnst,
NDAQ,"Nasdaq, Inc.",126.01,$20.67B,n/a,Finance,Investment Bankers/Brokers/Service,https://old.nasdaq.com/symbol/ndaq,
NTAP,"NetApp, Inc.",53.56,$11.89B,1995,Technology,Electronic Components,https://old.nasdaq.com/symbol/ntap,
NTES,"NetEase, Inc.",94.79,$64.98B,n/a,Miscellaneous,Business Services,https://old.nasdaq.com/symbol/ntes,
NFLX,"Netflix, Inc.",476.62,$210.57B,2002,Consumer Services,Consumer Electronics/Video Chains,https://old.nasdaq.com/symbol/nflx,
NWS,News Corporation,17.94,$10.6B,n/a,Consumer Services,Newspapers/Magazines,https://old.nasdaq.com/symbol/nws,
NWSA,News Corporation,17.9,$10.57B,n/a,Consumer Services,Newspapers/Magazines,https://old.nasdaq.com/symbol/nwsa,
NICE,NICE Ltd,235,$14.74B,n/a,Technology,Computer Software: Prepackaged Software,https://old.nasdaq.com/symbol/nice,
NKLA,Nikola Corporation,29.41,$11.3B,2018,Capital Goods,Auto Manufacturing,https://old.nasdaq.com/symbol/nkla,
NDSN,Nordson Corporation,201.5,$11.69B,n/a,Capital Goods,Industrial Machinery/Components,https://old.nasdaq.com/symbol/ndsn,
NTRS,Northern Trust Corporation,93.56,$19.47B,n/a,Finance,Major Banks,https://old.nasdaq.com/symbol/ntrs,
NLOK,NortonLifeLock Inc.,18.29,$10.83B,n/a,Technology,Computer Software: Prepackaged Software,https://old.nasdaq.com/symbol/nlok,
NVCR,NovoCure Limited,134.41,$13.68B,2015,Health Care,Medical/Dental Instruments,https://old.nasdaq.com/symbol/nvcr,
NUAN,"Nuance Communications, Inc.",42.42,$12B,n/a,Technology,Computer Software: Prepackaged Software,https://old.nasdaq.com/symbol/nuan,
NVDA,NVIDIA Corporation,525.6,$325.35B,1999,Technology,Semiconductors,https://old.nasdaq.com/symbol/nvda,
NXPI,NXP Semiconductors N.V.,155.91,$43.62B,2010,Technology,Semiconductors,https://old.nasdaq.com/symbol/nxpi,
OKTA,"Okta, Inc.",227.83,$29.18B,2017,Technology,Computer Software: Prepackaged Software,https://old.nasdaq.com/symbol/okta,
ODFL,"Old Dominion Freight Line, Inc.",202.24,$23.73B,1991,Transportation,Trucking Freight/Courier Services,https://old.nasdaq.com/symbol/odfl,
ON,ON Semiconductor Corporation,28.41,$11.68B,n/a,Technology,Semiconductors,https://old.nasdaq.com/symbol/on,
OTEX,Open Text Corporation,43.5,$11.85B,1996,Technology,EDP Services,https://old.nasdaq.com/symbol/otex,
ORLY,"O&#39;Reilly Automotive, Inc.",442.09,$32.03B,1993,Consumer Services,Other Specialty Stores,https://old.nasdaq.com/symbol/orly,
PCAR,PACCAR Inc.,89.56,$31.03B,n/a,Capital Goods,Auto Manufacturing,https://old.nasdaq.com/symbol/pcar,
PAYX,"Paychex, Inc.",91.97,$33.06B,1983,Consumer Services,Diversified Commercial Services,https://old.nasdaq.com/symbol/payx,
PCTY,Paylocity Holding Corporation,195.15,$10.59B,2014,Technology,Computer Software: Prepackaged Software,https://old.nasdaq.com/symbol/pcty,
PYPL,"PayPal Holdings, Inc.",200.82,$235.3B,n/a,Miscellaneous,Business Services,https://old.nasdaq.com/symbol/pypl,
PEGA,Pegasystems Inc.,129.52,$10.45B,1996,Technology,EDP Services,https://old.nasdaq.com/symbol/pega,
PTON,"Peloton Interactive, Inc.",112.05,$32.78B,2019,Energy,Consumer Electronics/Appliances,https://old.nasdaq.com/symbol/pton,
PENN,"Penn National Gaming, Inc.",71.99,$11.18B,1994,Consumer Services,Hotels/Resorts,https://old.nasdaq.com/symbol/penn,
PEP,"Pepsico, Inc.",143.02,$197.65B,n/a,Consumer Non-Durables,Beverages (Production/Distribution),https://old.nasdaq.com/symbol/pep,
PDD,Pinduoduo Inc.,141.05,$168.93B,2018,Miscellaneous,Business Services,https://old.nasdaq.com/symbol/pdd,
PLUG,"Plug Power, Inc.",26.87,$11.17B,1999,Energy,Industrial Machinery/Components,https://old.nasdaq.com/symbol/plug,
POOL,Pool Corporation,334.13,$13.42B,1995,Consumer Durables,Industrial Specialties,https://old.nasdaq.com/symbol/pool,
PPD,"PPD, Inc.",33.88,$11.85B,2020,Health Care,Biotechnology: Commercial Physical & Biological Resarch,https://old.nasdaq.com/symbol/ppd,
PFG,Principal Financial Group Inc,50.64,$13.91B,2001,Finance,Accident &Health Insurance,https://old.nasdaq.com/symbol/pfg,
PTC,PTC Inc.,103.19,$11.98B,n/a,Technology,Computer Software: Prepackaged Software,https://old.nasdaq.com/symbol/ptc,
QGEN,Qiagen N.V.,46.83,$10.71B,n/a,Health Care,Biotechnology: Biological Products (No Diagnostic Substances),https://old.nasdaq.com/symbol/qgen,
QRVO,"Qorvo, Inc.",149.2,$17.02B,n/a,Technology,Semiconductors,https://old.nasdaq.com/symbol/qrvo,
QCOM,QUALCOMM Incorporated,143.82,$162.66B,1991,Technology,Radio And Television Broadcasting And Communications Equipment,https://old.nasdaq.com/symbol/qcom,
REGN,"Regeneron Pharmaceuticals, Inc.",523.61,$55.87B,1991,Health Care,Major Pharmaceuticals,https://old.nasdaq.com/symbol/regn,
ROKU,"Roku, Inc.",276.58,$35.11B,2017,Consumer Services,Television Services,https://old.nasdaq.com/symbol/roku,
ROST,"Ross Stores, Inc.",108.18,$38.51B,1985,Consumer Services,Clothing/Shoe/Accessory Stores,https://old.nasdaq.com/symbol/rost,
RPRX,Royalty Pharma plc,40.2,$25.13B,2020,Health Care,Major Pharmaceuticals,https://old.nasdaq.com/symbol/rprx,
RYAAY,Ryanair Holdings plc,105.62,$23.77B,1997,Transportation,Air Freight/Delivery Services,https://old.nasdaq.com/symbol/ryaay,
SNY,Sanofi,49.85,$125.26B,n/a,Health Care,Major Pharmaceuticals,https://old.nasdaq.com/symbol/sny,
SRPT,"Sarepta Therapeutics, Inc.",134.49,$10.61B,n/a,Health Care,Major Pharmaceuticals,https://old.nasdaq.com/symbol/srpt,
SBAC,SBA Communications Corporation,286.27,$31.79B,1999,Consumer Services,Real Estate Investment Trusts,https://old.nasdaq.com/symbol/sbac,
STX,Seagate Technology PLC,56.92,$14.62B,2002,Technology,Electronic Components,https://old.nasdaq.com/symbol/stx,
SGEN,Seagen Inc. ,168.07,$30.08B,2001,Health Care,Biotechnology: Biological Products (No Diagnostic Substances),https://old.nasdaq.com/symbol/sgen,
SIRI,Sirius XM Holdings Inc.,6.56,$27.88B,n/a,Consumer Services,Broadcasting,https://old.nasdaq.com/symbol/siri,
SWKS,"Skyworks Solutions, Inc.",138.03,$22.92B,n/a,Technology,Semiconductors,https://old.nasdaq.com/symbol/swks,
SEDG,"SolarEdge Technologies, Inc.",264.8,$13.56B,2015,Technology,Semiconductors,https://old.nasdaq.com/symbol/sedg,
SPLK,Splunk Inc.,198.11,$31.78B,2012,Technology,Computer Software: Prepackaged Software,https://old.nasdaq.com/symbol/splk,
SSNC,"SS&C Technologies Holdings, Inc.",69.14,$17.7B,2010,Technology,Computer Software: Prepackaged Software,https://old.nasdaq.com/symbol/ssnc,
SBUX,Starbucks Corporation,96.88,$113.71B,1992,Consumer Services,Restaurants,https://old.nasdaq.com/symbol/sbux,
STNE,StoneCo Ltd.,72.67,$22.4B,2018,Technology,EDP Services,https://old.nasdaq.com/symbol/stne,
RUN,Sunrun Inc.,63.79,$12.6B,2015,Capital Goods,Industrial Specialties,https://old.nasdaq.com/symbol/run,
SIVB,SVB Financial Group,348.81,$18.07B,n/a,Finance,Major Banks,https://old.nasdaq.com/symbol/sivb,
SNPS,"Synopsys, Inc.",216,$32.78B,1992,Technology,Computer Software: Prepackaged Software,https://old.nasdaq.com/symbol/snps,
TROW,"T. Rowe Price Group, Inc.",139.37,$31.56B,1986,Finance,Investment Bankers/Brokers/Service,https://old.nasdaq.com/symbol/trow,
TTWO,"Take-Two Interactive Software, Inc.",171.19,$19.71B,1997,Technology,Computer Software: Prepackaged Software,https://old.nasdaq.com/symbol/ttwo,
TER,"Teradyne, Inc.",108.32,$17.99B,n/a,Capital Goods,Electrical Products,https://old.nasdaq.com/symbol/ter,
TSLA,"Tesla, Inc. ",521.85,$494.66B,2010,Capital Goods,Auto Manufacturing,https://old.nasdaq.com/symbol/tsla,
TXN,Texas Instruments Incorporated,157.42,$144.5B,n/a,Technology,Semiconductors,https://old.nasdaq.com/symbol/txn,
KHC,The Kraft Heinz Company,32.6,$39.86B,n/a,Consumer Non-Durables,Packaged Foods,https://old.nasdaq.com/symbol/khc,
TTD,"The Trade Desk, Inc.",839.65,$39.43B,2016,Technology,"Computer Software: Programming, Data Processing",https://old.nasdaq.com/symbol/ttd,
TMUS,"T-Mobile US, Inc.",127.88,$158.72B,n/a,Public Utilities,Telecommunications Equipment,https://old.nasdaq.com/symbol/tmus,
TSCO,Tractor Supply Company,133.88,$15.6B,1994,Consumer Services,RETAIL: Building Materials,https://old.nasdaq.com/symbol/tsco,
TW,Tradeweb Markets Inc.,58.54,$13.33B,2019,Finance,Investment Bankers/Brokers/Service,https://old.nasdaq.com/symbol/tw,
TRMB,Trimble Inc.,58.96,$14.75B,1990,Capital Goods,Industrial Machinery/Components,https://old.nasdaq.com/symbol/trmb,
TCOM,Trip.com Group Limited,33.66,$19.96B,n/a,Miscellaneous,Business Services,https://old.nasdaq.com/symbol/tcom,
ULTA,"Ulta Beauty, Inc.",282.87,$15.93B,2007,Consumer Services,Other Specialty Stores,https://old.nasdaq.com/symbol/ulta,
UAL,"United Airlines Holdings, Inc.",40.93,$11.91B,n/a,Transportation,Air Freight/Delivery Services,https://old.nasdaq.com/symbol/ual,
OLED,Universal Display Corporation,220.7,$10.4B,n/a,Capital Goods,Electrical Products,https://old.nasdaq.com/symbol/oled,
VRSN,"VeriSign, Inc.",196.57,$22.43B,1998,Technology,EDP Services,https://old.nasdaq.com/symbol/vrsn,
VRSK,"Verisk Analytics, Inc.",198.12,$32.21B,2009,Technology,EDP Services,https://old.nasdaq.com/symbol/vrsk,
VRTX,Vertex Pharmaceuticals Incorporated,217.87,$56.65B,1991,Health Care,Major Pharmaceuticals,https://old.nasdaq.com/symbol/vrtx,
VIAC,ViacomCBS Inc.,34.62,$21.37B,n/a,Consumer Services,Broadcasting,https://old.nasdaq.com/symbol/viac,
VIACA,ViacomCBS Inc.,36,$22.22B,n/a,Consumer Services,Broadcasting,https://old.nasdaq.com/symbol/viaca,
VTRS,Viatris Inc.,16.77,$20.16B,n/a,Health Care,Major Pharmaceuticals,https://old.nasdaq.com/symbol/vtrs,
VOD,Vodafone Group Plc,16.39,$43.98B,n/a,Public Utilities,Telecommunications Equipment,https://old.nasdaq.com/symbol/vod,
WBA,"Walgreens Boots Alliance, Inc.",37.98,$32.89B,n/a,Health Care,Medical/Nursing Services,https://old.nasdaq.com/symbol/wba,
WMG,Warner Music Group Corp.,28.01,$14.29B,2020,Consumer Services,Services-Misc. Amusement & Recreation,https://old.nasdaq.com/symbol/wmg,
WB,Weibo Corporation,44.51,$10.08B,2014,Technology,"Computer Software: Programming, Data Processing",https://old.nasdaq.com/symbol/wb,
WDC,Western Digital Corporation,44.48,$13.53B,n/a,Technology,Electronic Components,https://old.nasdaq.com/symbol/wdc,
WLTW,Willis Towers Watson Public Limited Company,203.92,$26.29B,n/a,Finance,Specialty Insurers,https://old.nasdaq.com/symbol/wltw,
WIX,Wix.com Ltd.,248.61,$13.83B,2013,Technology,"Computer Software: Programming, Data Processing",https://old.nasdaq.com/symbol/wix,
WDAY,"Workday, Inc.",207.1,$49.08B,n/a,Technology,EDP Services,https://old.nasdaq.com/symbol/wday,
WYNN,"Wynn Resorts, Limited",95.48,$10.3B,2002,Consumer Services,Hotels/Resorts,https://old.nasdaq.com/symbol/wynn,
XEL,Xcel Energy Inc.,68.36,$35.92B,n/a,Public Utilities,Power Generation,https://old.nasdaq.com/symbol/xel,
XLNX,"Xilinx, Inc.",133.3,$32.67B,1990,Technology,Semiconductors,https://old.nasdaq.com/symbol/xlnx,
XP,XP Inc.,40.77,$22.5B,2019,Finance,Investment Bankers/Brokers/Service,https://old.nasdaq.com/symbol/xp,
YNDX,Yandex N.V.,61.47,$21.52B,2011,Technology,"Computer Software: Programming, Data Processing",https://old.nasdaq.com/symbol/yndx,
ZBRA,Zebra Technologies Corporation,362.69,$19.34B,1991,Technology,Industrial Machinery/Components,https://old.nasdaq.com/symbol/zbra,
Z,"Zillow Group, Inc.",114.13,$26.55B,n/a,Miscellaneous,Business Services,https://old.nasdaq.com/symbol/z,
ZG,"Zillow Group, Inc.",116.34,$27.07B,2011,Miscellaneous,Business Services,https://old.nasdaq.com/symbol/zg,
ZM,"Zoom Video Communications, Inc.",430.28,$122.38B,2019,Technology,"Computer Software: Programming, Data Processing",https://old.nasdaq.com/symbol/zm,
ZI,ZoomInfo Technologies Inc.,44.65,$17.38B,2020,Technology,Computer Software: Prepackaged Software,https://old.nasdaq.com/symbol/zi,
ZS,"Zscaler, Inc.",143.04,$19.01B,2018,Technology,EDP Services,https://old.nasdaq.com/symbol/zs,
